<application>
  <component name="GeneralSettings">
    <option name="confirmExit" value="false" />
    <option name="reopenLastProject" value="false" />
  </component>
  <component name="Registry">
    <entry key="ide.borderless.title.project.path" value="false" />
    <entry key="ide.borderless.title.classpath" value="false" />
    <entry key="ide.borderless.title.product" value="false" />
    <entry key="ide.borderless.title.debug" value="true" />
    <entry key="ide.title.debug" value="true" />
    <entry key="ide.svg.icon" value="true" />
    <entry key="ide.win.frame.decoration" value="true" />
    <entry key="rdclient.asyncActions" value="false" />
    <entry key="ide.require.transaction.for.model.changes" value="false" />
    <entry key="search.everywhere.pattern.checking" value="false" />
    <entry key="actionSystem.fix.alt.gr" value="false" />
    <entry key="parameter.info.max.visible.rows" value="10" />
    <entry key="performance.watcher.sampling.interval.ms" value="200" />
    <entry key="performance.watcher.unresponsive.interval.ms" value="1000" />
    <entry key="ide.tooltip.showAllSeverities" value="true" />
    <entry key="ide.win.file.chooser.native" value="true" />
    <entry key="rider.enable.designer.winForms" value="true" />
  </component>
</application>